City,Cloudiness,Country,Date,Humidity,Lat,Lng,Max Temp,Wind Speed
Tasiilaq,62,GL,1584069302,66,65.61,-37.64,12.2,23.04
Shatsk,100,RU,1584069451,79,54.03,41.71,43.52,22.93
Ponta do Sol,40,PT,1584069301,72,32.67,-17.1,62.6,16.11
Albany,90,US,1584069454,49,42.6,-73.97,48.2,12.75
Cherskiy,100,RU,1584069313,91,68.75,161.3,-1.44,1.39
Haines Junction,0,CA,1584069333,87,60.75,-137.51,-5.49,3.76
Grindavik,90,IS,1584069333,92,63.84,-22.43,26.6,12.75
Jamestown,75,US,1584069224,66,42.1,-79.24,54.0,13.4
Marulanda,22,CO,1584069462,96,5.28,-75.26,59.9,1.81
Qaanaaq,0,GL,1584069463,43,77.48,-69.36,-20.79,4.12
Hilo,1,US,1584069474,65,19.73,-155.09,77.0,12.75
Bubaque,0,GW,1584069476,67,11.28,-15.83,80.28,8.57
Logan Lake,90,CA,1584069362,40,50.5,-120.8,41.0,4.7
Ribeira Grande,25,PT,1584069300,83,38.52,-28.7,55.51,8.66
Mogzon,99,RU,1584069482,78,51.74,111.96,20.23,17.49
Saint Anthony,75,US,1584069299,55,45.02,-93.22,36.0,21.92
Dikson,100,RU,1584069486,84,73.51,80.55,3.0,31.79
Porto-Novo,40,BJ,1584069487,89,6.5,2.6,84.2,10.29
Pevek,100,RU,1584069488,93,69.7,170.31,4.3,5.68
Thompson,90,CA,1584069348,71,55.74,-97.86,8.6,13.87
Naryan-Mar,100,RU,1584069490,97,67.67,53.09,32.02,19.15
Cabo San Lucas,5,MX,1584069492,73,22.89,-109.91,78.01,18.34
Bethel,90,US,1584069494,93,41.37,-73.41,46.0,6.93
Clyde River,90,CA,1584069495,74,70.47,-68.59,-23.8,5.82
Sørland,100,NO,1584069497,66,67.67,12.69,27.72,33.33
Tottori-shi,75,JP,1584069499,58,35.5,134.23,59.0,18.34
Price,1,US,1584069502,45,39.6,-110.81,48.0,9.17
Gangtok,30,IN,1584069503,29,27.33,88.62,58.12,1.74
Pyaozerskiy,100,RU,1584069505,97,65.83,31.17,27.36,5.57
Sangar,100,RU,1584069334,88,63.92,127.47,-6.79,14.16
Barabinsk,14,RU,1584069507,88,55.36,78.36,19.94,11.5
Surbo,45,IT,1584069508,87,40.4,18.13,50.0,5.82
Marawi,0,PH,1584069511,81,8.0,124.29,82.0,8.01
Nikolskoye,90,RU,1584069512,96,59.7,30.79,36.0,8.95
Nanortalik,24,GL,1584069513,74,60.14,-45.24,21.31,5.55
Stephenville,40,US,1584069514,69,32.22,-98.2,73.99,7.54
Marzuq,58,YE,1584069313,50,14.4,46.47,54.48,2.04
Timbiquí,62,CO,1584069517,94,2.77,-77.67,75.58,1.19
Morro Bay,1,US,1584069519,87,35.37,-120.85,60.8,3.36
Siniscola,100,IT,1584069521,51,40.57,9.69,50.41,4.16
Palekastro,100,GR,1584069524,77,35.2,26.25,61.02,30.85
Bougouni,0,ML,1584069527,11,11.42,-7.48,74.48,5.37
Zhenlai,0,CN,1584069528,36,45.85,123.3,28.29,17.38
Chapais,75,CA,1584069530,67,49.78,-74.85,19.4,9.17
Atherton,90,GB,1584069532,81,53.52,-2.49,45.0,20.8
Moses Lake,1,US,1584069347,39,47.13,-119.28,44.6,5.82
Hong Kong,20,HK,1584069512,78,22.29,114.16,81.0,9.17
Yerofey Pavlovich,55,RU,1584069537,79,53.97,121.97,15.3,5.01
Yovon,10,TJ,1584069538,80,38.31,69.04,41.0,4.09
Aklavik,40,CA,1584069539,63,68.22,-135.01,-7.6,5.82
Amapá,99,BR,1584069540,86,1.0,-52.0,74.89,3.58
Jiexiu,62,CN,1584069541,35,37.02,111.91,40.37,6.62
Bonavista,94,CA,1584069543,84,48.65,-53.11,25.0,10.0
Gaimersheim,83,DE,1584069545,75,48.81,11.37,45.0,9.17
Askino,100,RU,1584069546,99,56.09,56.58,34.83,13.47
Ōfunato,75,JP,1584069548,47,39.07,141.72,59.0,16.11
Tumaco,0,CO,1584069534,82,1.8,-78.82,79.81,6.62
Lázaro Cárdenas,45,MX,1584069551,85,17.96,-102.2,72.88,0.31
Vila Franca do Campo,20,PT,1584069343,87,37.72,-25.43,57.2,6.93
Severo-Kuril'sk,64,RU,1584069329,71,50.68,156.12,24.62,5.19
Solo,0,PH,1584069558,73,13.75,120.9,84.0,5.01
Hasaki,75,JP,1584069321,45,35.73,140.83,63.0,9.17
Chāmpua,0,IN,1584069561,51,22.08,85.67,79.63,0.76
Nome,90,US,1584069562,85,64.5,-165.41,23.0,19.46
Gao,0,ML,1584069564,11,16.64,1.64,69.6,13.56
Sobolevo,49,RU,1584069565,67,54.43,31.9,36.41,24.4
Longyearbyen,40,SJ,1584069566,57,78.22,15.64,-11.2,20.8
Leningradskiy,100,RU,1584069567,79,69.38,178.42,25.75,13.71
Bāneh,100,IR,1584069569,41,36.0,45.89,40.48,3.09
Kushima,75,JP,1584069573,63,31.46,131.23,60.8,4.7
Mogadishu,77,SO,1584069473,82,2.04,45.34,81.84,23.11
Anadyr,40,RU,1584069576,80,64.75,177.48,33.8,26.84
Provideniya,90,RU,1584069577,97,64.38,-173.3,32.0,38.03
George Town,20,MY,1584069307,66,5.41,100.34,87.8,6.93
Torbay,90,CA,1584069579,79,47.67,-52.73,28.0,10.29
Ucluelet,100,CA,1584069393,78,48.93,-125.55,42.01,1.81
Kungurtug,39,RU,1584069583,71,50.6,97.52,15.39,0.6
Markivka,71,UA,1584069584,59,49.52,39.57,45.81,18.48
Hambantota,20,LK,1584069589,100,6.12,81.12,77.0,2.24
Chokurdakh,95,RU,1584069592,96,70.63,147.92,-22.77,6.62
Wana,34,PK,1584069593,75,32.3,69.57,31.39,4.52
Verāval,0,IN,1584069331,50,20.9,70.37,69.12,9.26
Fairbanks,90,US,1584069595,72,64.84,-147.72,12.0,4.7
Saskylakh,100,RU,1584069597,94,71.92,114.08,-3.86,18.03
Kuching,40,MY,1584069386,84,1.55,110.33,86.0,4.7
La Tuque,93,CA,1584069600,92,47.43,-72.78,16.88,5.17
Zharkent,0,KZ,1584069601,51,44.16,80.0,43.21,8.63
Sitka,1,US,1584069602,42,57.05,-135.33,28.4,9.17
Ostrów Mazowiecka,0,PL,1584069604,52,52.8,21.9,37.0,12.97
Ternate,1,ID,1584069336,57,0.8,127.4,86.99,6.76
Kpandu,11,GH,1584069606,95,7.0,0.29,75.4,3.51
Yellowknife,90,CA,1584069608,76,62.46,-114.35,-7.6,13.87
Olafsvik,100,IS,1584069611,79,64.89,-23.71,25.77,16.6
Mehamn,100,NO,1584069614,79,71.04,27.85,16.59,19.98
Butaritari,45,KI,1584069615,76,3.07,172.79,83.03,5.48
Ugoofaaru,67,MV,1584069618,70,5.67,73.0,83.75,11.12
Cabra,22,ES,1584069619,87,37.47,-4.44,55.0,2.24
Saint-François,100,FR,1584069620,70,46.42,3.91,46.0,10.29
Kalmunai,25,LK,1584069623,71,7.42,81.82,81.79,9.89
Erenhot,0,CN,1584069625,21,43.65,111.98,30.51,24.07
Kahului,40,US,1584069627,69,20.89,-156.47,77.0,8.05
Coahuayana Viejo,40,MX,1584069629,94,18.73,-103.68,71.6,2.75
Araouane,0,ML,1584069630,10,18.9,-3.53,70.88,8.9
Port Hardy,90,CA,1584069631,60,50.7,-127.42,41.0,9.17
Kapaa,90,US,1584069633,83,22.08,-159.32,75.2,11.41
Ishikawa,90,JP,1584069639,88,26.42,127.82,68.0,10.29
Niquero,45,CU,1584069640,77,20.04,-77.58,73.42,8.25
Lagos,20,NG,1584069642,88,6.58,3.75,82.4,2.24
Sibu,75,MY,1584069645,74,2.3,111.82,87.8,2.24
Norman Wells,20,CA,1584069646,64,65.28,-126.83,-4.0,10.29
Cayenne,94,GF,1584069647,94,4.93,-52.33,71.6,6.91
Tarko-Sale,100,RU,1584069649,88,64.92,77.78,34.0,1.01
Zyryanka,100,RU,1584069650,88,65.75,150.85,-11.13,16.06
Rassvet,0,RU,1584069651,71,46.83,40.75,40.96,9.55
Logatec,99,SI,1584069654,87,45.91,14.23,53.01,3.36
Kudahuvadhoo,14,MV,1584069655,71,2.67,72.89,83.53,9.31
Deputatsky,0,RU,1584069660,79,69.3,139.9,-12.98,1.72
Yaan,94,NG,1584069661,30,7.38,8.57,79.34,4.72
Gazli,94,UZ,1584069667,39,40.13,63.45,50.67,7.11
Soto la Marina,100,MX,1584069668,84,23.77,-98.22,70.57,16.42
Wanlaweyn,89,SO,1584069669,88,2.62,44.89,75.96,9.22
Umm Kaddadah,100,SD,1584069672,21,13.6,26.69,63.88,14.34
Kulykivka,92,UA,1584069673,67,51.37,31.65,44.17,13.47
Sept-Îles,5,CA,1584069674,84,50.2,-66.38,-0.4,5.82
Halifax,20,CA,1584069668,92,44.65,-63.57,30.0,6.93
Mahon,100,ES,1584069676,93,39.89,4.27,51.8,9.17
Traismauer,20,AT,1584069677,76,48.35,15.76,53.01,3.36
Umluj,100,SA,1584069678,61,25.02,37.27,63.84,13.31
Vostok,100,RU,1584069679,90,46.49,135.88,10.56,17.6
Muros,75,ES,1584069633,81,42.78,-9.06,51.01,12.75
Port Blair,0,IN,1584069683,68,11.67,92.75,80.33,9.15
Bichena,47,ET,1584069684,48,10.45,38.2,56.61,1.99
Iqaluit,20,CA,1584069685,75,63.75,-68.51,-14.01,4.7
Wajid,67,SO,1584069686,90,3.81,43.25,70.7,20.94
Vasil'yevskiy Mokh,88,RU,1584069687,72,57.01,35.92,36.16,16.91
Fukuechō,75,JP,1584069688,76,32.69,128.84,57.2,5.82
Khovd,0,MN,1584069658,39,48.01,91.64,18.23,2.82
El Sauce,0,NI,1584069691,64,12.89,-86.54,71.44,5.93
Baharly,100,TM,1584069692,37,38.44,57.43,54.82,1.7
Skoghall,77,SE,1584069693,86,59.32,13.47,35.01,9.17
Meulaboh,1,ID,1584069696,77,4.14,96.13,81.45,5.46
Hamilton,90,US,1584069631,87,39.18,-84.53,61.0,5.82
Taunsa,50,PK,1584069700,59,30.7,70.65,57.56,6.8
Bud,90,US,1584069701,100,39.45,-86.18,60.8,11.41
Ishimbay,100,RU,1584069702,99,53.45,56.04,35.53,7.25
Kangaatsiaq,100,GL,1584069703,90,68.31,-53.46,5.38,7.78
Bilma,29,NE,1584069704,36,18.69,12.92,56.21,11.21
Mugur-Aksy,0,RU,1584069705,55,50.35,90.5,17.02,5.3
Cockburn Town,0,TC,1584069574,78,21.46,-71.14,77.02,12.39
Dubai,25,AE,1584069707,88,25.26,55.3,62.6,3.36
Gijang,92,KR,1584069621,43,35.24,129.21,59.0,12.75
Thinadhoo,12,MV,1584069710,71,0.53,72.93,83.57,10.87
Saint Paul Harbor,1,US,1584069711,47,57.79,-152.41,33.8,8.05
Troitskoye,0,RU,1584069712,79,52.98,84.68,23.4,2.21
Berlevåg,100,NO,1584069713,75,70.86,29.09,22.15,24.2
Nové Hrady,100,CZ,1584069714,90,48.79,14.78,48.0,4.0
Kodinsk,98,RU,1584069715,93,58.69,99.18,26.46,9.62
Kapuskasing,90,CA,1584069718,98,49.42,-82.43,32.0,14.99
Rhyl,40,GB,1584069719,81,53.32,-3.49,46.4,24.16
São Filipe,47,CV,1584069721,69,14.9,-24.5,72.9,5.57
Esso,45,RU,1584069722,69,55.93,158.7,11.75,7.94
Nicoya,9,CR,1584069725,54,10.15,-85.45,82.4,20.8
La Playa,90,PR,1584069727,81,18.29,-67.19,77.0,4.5
Bogorodskoye,76,RU,1584069728,69,56.55,37.88,37.17,19.42
Rovaniemi,20,FI,1584069729,92,66.5,25.72,23.0,16.11
Kavaratti,20,IN,1584069730,74,10.57,72.64,82.4,4.7
Caceres,98,ES,1584069731,90,39.52,-6.37,53.01,2.28
Kumul,0,CN,1584069732,15,42.8,93.45,40.08,2.13
Bandarbeyla,2,SO,1584069737,78,9.49,50.81,78.46,17.36
Dongsheng,0,CN,1584069738,19,39.82,109.98,28.38,13.82
Seoul,78,KR,1584069510,24,37.57,126.98,46.4,10.29
Kanniyākumāri,11,IN,1584069740,72,8.08,77.57,81.32,19.91
Ormara,0,PK,1584069743,41,25.21,64.64,72.0,17.27
Chīrāla,28,IN,1584069744,64,15.82,80.35,84.31,8.75
Tuktoyaktuk,40,CA,1584069745,67,69.45,-133.04,-23.8,12.75
Naze,75,JP,1584069609,82,28.37,129.48,66.2,9.17
Salinas,1,US,1584069477,67,36.68,-121.66,64.99,6.93
Inírida,47,CO,1584069748,87,3.87,-67.92,77.14,2.44
Svolvær,100,NO,1584069749,59,68.23,14.57,27.0,7.0
Les Cayes,0,HT,1584069750,70,18.2,-73.75,79.05,7.54
Barrow,90,US,1584069595,92,71.29,-156.79,19.4,40.26
Teknāf,0,BD,1584069756,30,20.86,92.31,90.73,0.13
Shingū,75,JP,1584069757,54,33.73,135.98,59.0,4.7
Lompoc,90,US,1584069758,93,34.64,-120.46,57.99,3.36
Vardø,100,NO,1584069760,86,70.37,31.11,23.56,30.69
Saint George,1,US,1584069617,42,37.1,-113.58,66.2,6.93
Kholodnyy,100,RU,1584069763,81,62.72,147.95,-6.16,6.44
Gilgit,100,PK,1584069764,65,35.92,74.31,19.45,2.77
Bitung,40,ID,1584069765,66,1.45,125.18,86.0,6.93
San Cristobal,40,VE,1584069767,78,7.77,-72.22,78.8,2.24
Owensboro,75,US,1584069481,100,37.77,-87.11,66.2,8.05
Verkhnyaya Inta,100,RU,1584069771,97,65.98,60.31,33.19,20.49
Dābhol,0,IN,1584069545,70,17.6,73.17,74.46,16.93
Nanyuki,43,KE,1584069500,87,0.02,37.07,56.52,3.49
Eyl,29,SO,1584069775,80,7.98,49.82,78.55,18.12
Bac Lieu,75,VN,1584069776,52,9.29,105.72,89.38,12.28
Bam,0,IR,1584069777,15,29.11,58.36,59.38,6.64
Vestmannaeyjar,100,IS,1584069778,80,63.44,-20.27,38.53,13.0
Asău,100,RO,1584069779,93,46.43,26.4,46.4,6.93
Kathmandu,75,NP,1584069720,76,27.72,85.32,53.6,3.36
Oltina,0,RO,1584069781,70,44.17,27.67,46.99,5.82
Upernavik,100,GL,1584069785,93,72.79,-56.15,-15.95,3.58
Kyshtovka,20,RU,1584069786,89,56.55,76.63,25.99,13.29
Ceres,1,US,1584069787,37,37.59,-120.96,69.8,9.17
Talnakh,100,RU,1584069568,84,69.49,88.4,5.0,38.03
Arlit,0,NE,1584069789,22,18.74,7.39,63.18,11.32
Bose,75,IT,1584069790,87,45.46,8.01,54.0,1.12
Bajil,3,YE,1584069793,60,15.06,43.29,73.53,1.88
Stonewall,75,CA,1584069795,73,50.13,-97.33,23.0,19.46
Tezu,0,IN,1584069796,38,27.92,96.17,76.77,2.91
El Copé,50,PA,1584069798,74,8.62,-80.6,78.8,5.82
Cintalapa,0,MX,1584069799,90,16.7,-93.73,66.52,1.97
Babynino,90,RU,1584069801,65,54.39,35.73,41.0,22.37
Wuhu,90,CN,1584069716,100,31.34,118.38,53.6,6.71
Beringovskiy,100,RU,1584069805,97,63.05,179.32,33.73,17.92
Camacha,40,PT,1584069808,77,33.08,-16.33,62.6,10.29
Yangjiang,100,CN,1584069809,81,21.85,111.97,73.99,6.26
Usinsk,100,RU,1584069811,96,65.99,57.53,32.9,23.58
Tongliao,0,CN,1584069813,27,43.61,122.27,34.56,11.95
Bathsheba,40,BB,1584069814,73,13.22,-59.52,77.0,18.34
Saint-Augustin,27,CA,1584069815,80,51.23,-58.65,7.0,11.52
Zhangjiakou,0,CN,1584069816,17,40.81,114.88,25.14,14.05
Bazarnye Mataki,33,RU,1584069818,90,54.88,49.93,33.58,13.18
Tharād,0,IN,1584069820,29,24.4,71.63,67.01,6.26
Tiksi,73,RU,1584069822,94,71.69,128.87,-18.4,3.78
Vestmanna,46,FO,1584069823,80,62.16,-7.17,30.2,8.05
Abu Kamal,100,SY,1584069824,33,34.45,40.92,67.41,16.44
Klaksvík,100,FO,1584069825,80,62.23,-6.59,30.2,8.05
Antalya Province,75,TR,1584069826,51,36.77,30.72,60.8,10.29
Beian,40,NO,1584069828,67,63.66,9.57,32.0,27.51
Forio,16,IT,1584069830,93,40.73,13.86,54.0,2.24
Kayerkan,100,RU,1584069831,84,69.35,87.76,5.0,40.26
Port Hueneme,90,US,1584069801,82,34.15,-119.2,57.2,4.7
Verkhoshizhem'ye,97,RU,1584069834,92,58.01,49.1,34.05,12.35
Ekpoma,100,NG,1584069835,96,6.74,6.14,75.78,1.9
Manadhoo,78,MV,1584069836,69,5.77,73.38,83.91,11.72
Sabang,0,ID,1584069838,70,5.89,95.32,83.17,10.67
Adrar,0,MR,1584069839,12,20.5,-10.07,67.68,10.27
Portland,20,US,1584069783,56,45.52,-122.68,50.0,4.7
Katsuura,75,JP,1584069842,51,35.13,140.3,64.0,16.11
Lagoa,0,PT,1584069847,67,39.05,-27.98,59.56,9.53
Amalāpuram,75,IN,1584069848,78,16.58,82.02,80.6,6.93
Heihe,0,CN,1584069849,26,50.24,127.49,17.6,8.95
Suárez,72,CO,1584069850,93,2.95,-76.7,65.79,1.7
Effingham County,20,US,1584069852,82,32.37,-81.33,68.0,8.05
Ilulissat,92,GL,1584069853,71,69.22,-51.1,6.8,2.24
Galveston,90,US,1584069856,94,29.37,-94.97,72.0,8.05
Yamada,42,JP,1584069859,49,39.47,141.95,53.76,18.9
Burns Lake,98,CA,1584069860,79,54.23,-125.75,20.7,3.89
Cuiluan,0,CN,1584069861,66,47.72,128.65,9.57,12.84
Dingle,62,PH,1584069862,61,11.0,122.67,84.27,10.51
‘Ewa Beach,90,US,1584069866,83,21.32,-158.01,78.8,10.29
Suntar,100,RU,1584069868,85,62.14,117.63,-5.39,13.82
Eureka,1,US,1584069869,81,40.8,-124.16,53.6,8.05
Schotten,20,DE,1584069870,60,50.5,9.13,42.8,11.41
Praia da Vitória,20,PT,1584069871,93,38.73,-27.07,53.6,11.65
Haileybury,90,CA,1584069872,69,47.45,-79.64,35.6,19.46
Harper,42,LR,1584069870,93,4.38,-7.72,78.51,4.14
Ratnagiri,0,IN,1584069877,69,16.98,73.3,70.61,6.33
Ak-Dovurak,0,RU,1584069879,80,51.18,90.6,12.18,2.77
Tambacounda,0,SN,1584069881,7,13.75,-13.76,86.0,6.93
Verkh-Usugli,27,RU,1584069883,51,52.7,115.17,25.88,12.17
Winnemucca,1,US,1584069885,19,40.97,-117.74,48.2,11.41
Narsaq,0,GL,1584069886,41,60.92,-46.05,19.4,6.93
Bagdarin,0,RU,1584069887,54,54.43,113.6,19.26,13.51
Riyadh,28,SA,1584069661,25,24.69,46.72,62.6,4.7
Terrace,40,CA,1584069889,69,54.52,-128.6,33.8,10.29
Lata,90,PT,1584069890,82,40.16,-8.33,55.4,10.29
Shenjiamen,100,CN,1584069891,97,29.96,122.3,54.41,9.53
Busia,99,UG,1584069893,90,0.45,34.08,67.51,3.0
Sidi Ali,100,DZ,1584069894,72,36.1,0.42,58.37,3.33
Agadez,0,NE,1584069895,32,19.75,10.25,55.78,10.4
Banda Aceh,0,ID,1584069896,77,5.56,95.32,82.2,5.08
Nzérékoré,0,GN,1584069897,96,7.76,-8.82,71.15,2.24
Beaverlodge,75,CA,1584069898,65,55.22,-119.44,5.0,10.29
Havre-St-Pierre,1,CA,1584069899,65,50.23,-63.6,8.6,6.93
La Ronge,90,CA,1584069901,60,55.1,-105.28,6.8,13.87
Khatanga,0,RU,1584069881,91,71.97,102.5,-23.51,9.64
Matara,1,LK,1584069905,68,5.95,80.54,81.16,9.86
Acapulco de Juárez,75,MX,1584069645,74,16.86,-99.89,82.4,3.36
Avera,1,US,1584069874,88,33.19,-82.53,71.6,3.36
Sheridan,40,US,1584069910,68,44.83,-106.92,27.0,5.82
Kyrylivka,0,UA,1584069916,63,46.38,35.37,46.22,11.12
Pāsighāt,0,IN,1584069917,47,28.07,95.33,74.71,1.05
Ust-Nera,100,RU,1584069918,80,64.57,143.2,-11.54,3.65
Martil,56,MA,1584069919,77,35.62,-5.28,62.6,11.41
Nadym,100,RU,1584069920,100,65.53,72.52,35.85,23.22
Rodolfo Sánchez Taboada,0,MX,1584069631,87,31.72,-116.57,57.99,3.0
Elizabeth City,1,US,1584069923,77,36.29,-76.25,63.0,4.7
Fereydūnkenār,90,IR,1584069925,100,36.69,52.52,50.0,6.93
Ardeşen,90,TR,1584069926,93,41.19,40.99,50.0,5.82
Andenes,100,NO,1584069927,85,69.31,16.12,23.0,20.8
Qandala,95,SO,1584069928,71,11.47,49.87,71.74,8.48
Pindushi,98,RU,1584069930,96,62.92,34.58,30.7,3.11
Nizhnyaya Salda,100,RU,1584069932,94,58.08,60.72,38.12,10.0
Grand-Lahou,0,CI,1584069897,82,5.14,-5.02,83.66,14.25
Okhotsk,98,RU,1584069919,75,59.38,143.3,5.14,8.01
Hobyo,100,SO,1584069926,78,5.35,48.53,77.92,13.35
Tromsø,75,NO,1584069920,85,69.65,18.96,21.2,17.22
Cap-aux-Meules,20,CA,1584069940,85,47.38,-61.86,14.0,5.82
Worcester,90,US,1584069753,80,42.33,-71.83,44.01,6.93
Wajima,75,JP,1584069943,62,37.4,136.9,53.6,18.34
Nyrob,100,RU,1584069944,90,60.73,56.72,36.07,11.03
Turbat,0,PK,1584069945,12,26.0,63.04,65.37,9.62
Potoci,0,BA,1584069946,93,43.41,17.88,41.0,2.24
Tucupita,0,VE,1584069947,86,9.06,-62.05,72.9,3.91
Ossora,67,RU,1584069948,65,59.24,163.07,20.73,23.42
Shimizu,75,JP,1584069951,86,43.01,142.88,39.2,9.17
Līsakovsk,100,KZ,1584069952,83,52.54,62.49,31.6,17.31
Chełmża,20,PL,1584069954,60,53.18,18.6,41.0,13.87
Răchitova,28,RO,1584069956,69,45.6,22.75,46.67,5.95
Matamoros,40,MX,1584069914,24,25.53,-103.25,80.6,7.02
Pizarro,0,CO,1584069961,82,4.95,-77.37,79.38,8.34
Ena,99,JP,1584069963,33,35.45,137.41,55.42,3.87
Fortuna,1,US,1584069905,81,40.6,-124.16,53.01,8.05
Preobrazheniye,0,RU,1584069965,43,42.9,133.91,25.18,8.48
Broome,90,US,1584069916,75,42.25,-75.83,48.0,12.75
Tinqueux,0,FR,1584069967,75,49.25,3.98,41.0,9.17
Maniitsoq,100,GL,1584069970,78,65.42,-52.9,9.9,5.26
Lumphat,96,KH,1584069971,27,13.49,106.98,102.04,0.63
Bousso,100,TD,1584069972,16,10.48,16.71,66.76,7.52
Totness,48,SR,1584069906,79,5.88,-56.32,79.29,18.9
Ixtapa,40,MX,1584069920,88,20.7,-105.2,75.0,1.16
Bone,20,DE,1584069977,83,51.97,12.14,42.8,21.92
Paamiut,29,GL,1584069884,70,61.99,-49.67,5.7,6.82
Blind River,90,CA,1584069979,80,46.18,-82.96,39.2,17.22
Igarka,100,RU,1584069980,90,67.47,86.58,5.25,20.8
Aykhal,75,RU,1584069910,68,66.0,111.5,-16.6,13.42
Manaure,0,CO,1584069982,78,11.78,-72.44,78.8,6.93
Nouadhibou,0,MR,1584069983,82,20.93,-17.03,66.2,5.82
Vilyuysk,100,RU,1584069984,93,63.76,121.62,11.61,1.43
Hofn,100,IS,1584069882,94,64.25,-15.21,32.67,19.46
Ostrovnoy,100,RU,1584069988,96,68.05,39.51,18.55,3.31
Pathein,0,MM,1584069991,54,16.78,94.73,85.14,5.08
Yakeshi,100,CN,1584069992,92,49.28,120.73,17.89,15.84
Bonthe,0,SL,1584069882,91,7.53,-12.51,78.82,4.83
Arona,100,ES,1584069995,82,28.1,-16.68,66.2,13.87
Ribeira Brava,40,PT,1584069996,72,32.65,-17.07,62.6,16.11
High Level,20,CA,1584069998,58,58.52,-117.14,-2.2,6.93
Taoudenni,48,ML,1584069900,15,22.68,-3.98,65.86,6.49
Kānt,71,IN,1584070003,71,27.8,79.8,69.3,10.22
Biga,0,TR,1584070005,93,40.23,27.24,48.2,16.11
Murgab,100,TM,1584069966,70,37.5,61.97,42.8,6.93
Tal'menka,0,RU,1584070007,57,53.82,83.57,23.0,4.47
Shostka,100,UA,1584070008,60,51.86,33.47,45.09,18.03
Palmer,90,US,1584069752,45,42.16,-72.33,45.0,9.17
Polunochnoye,91,RU,1584070012,96,60.87,60.42,35.4,8.99
Portlethen,90,GB,1584070013,86,57.05,-2.13,39.2,18.34
Qui Nhon,68,VN,1584069936,58,13.77,109.23,84.45,4.47
Safi,75,MA,1584070016,79,32.3,-9.24,55.06,7.78
Lūnāvāda,33,IN,1584070017,37,23.13,73.62,65.17,3.33
Mnogovershinnyy,100,RU,1584069927,62,53.94,139.92,5.65,6.53
Yar-Sale,100,RU,1584070020,100,66.83,70.83,34.79,16.17
Lugovoy,1,KZ,1584070021,60,42.95,72.76,43.48,8.41
Vorotynets,99,RU,1584070022,83,56.06,45.86,37.51,17.31
Calmar,90,CA,1584070023,61,53.27,-113.82,18.0,24.16
Guánica,90,PR,1584070024,81,17.97,-66.91,77.0,4.18
Korla,100,CN,1584069930,94,41.76,86.15,34.0,1.7
Vanavara,22,RU,1584070026,81,60.34,102.28,16.16,4.56
Mandalgovi,0,MN,1584070028,53,45.76,106.27,20.41,16.93
Selfoss,75,IS,1584070029,86,63.93,-21.0,27.0,5.82
Ingham,90,US,1584070032,87,42.6,-84.38,50.0,6.93
Nemuro,75,JP,1584069932,71,43.32,145.57,42.8,25.28
Liepāja,100,LV,1584070039,80,56.54,21.04,41.0,24.16
Sandpoint,75,US,1584070041,73,48.28,-116.55,37.4,2.57
Ranong,20,TH,1584070042,66,9.97,98.63,89.6,4.7
Dali,0,CN,1584070046,43,25.7,100.18,62.91,4.94
Omsukchan,100,RU,1584069939,89,62.53,155.8,-12.77,5.55
Scarborough,100,GB,1584070049,81,54.28,-0.4,44.6,16.11
Flagstaff,75,US,1584069784,100,35.2,-111.65,57.0,8.05
Tsimmerbude,75,RU,1584069883,70,54.67,20.13,42.8,22.37
Great Yarmouth,41,GB,1584070053,80,52.61,1.73,44.01,18.34
Nizwá,90,OM,1584070054,32,22.93,57.53,60.71,1.25
Faya,48,SA,1584069919,62,18.39,42.45,57.2,5.82
Trincomalee,58,LK,1584070003,69,8.57,81.23,80.89,4.36
Mayfield,40,US,1584070059,93,36.74,-88.64,70.0,10.29
Laguna,1,US,1584069644,28,38.42,-121.42,71.01,3.36
Raudeberg,100,NO,1584069903,59,61.99,5.14,33.8,20.8
Westport,90,US,1584069853,93,41.14,-73.36,46.99,13.87
Kiryat Gat,40,IL,1584069776,87,31.61,34.76,59.0,3.36
Guerrero Negro,0,MX,1584069896,78,27.98,-114.06,61.9,6.67
Nishihara,75,JP,1584070066,88,26.18,127.76,68.0,10.29
Loukhi,100,RU,1584070067,97,66.08,33.04,24.35,3.36
Sri Aman,75,MY,1584069894,74,1.24,111.46,87.8,2.24
Kachug,100,RU,1584070069,83,53.96,105.88,25.2,11.1
San Patricio,40,MX,1584069899,74,19.22,-104.7,78.8,2.66
Esim,55,GH,1584070074,94,4.87,-2.24,77.83,4.03
Tabas,14,IR,1584070075,20,33.6,56.92,46.4,2.24
Ishigaki,75,JP,1584069875,88,24.34,124.16,73.4,9.17
Brae,100,GB,1584069933,59,60.4,-1.35,35.6,21.92
Nuuk,18,GL,1584069895,72,64.18,-51.72,15.8,13.87
Luorong,100,CN,1584070081,88,24.41,109.61,64.09,6.62
Den Helder,40,NL,1584070083,75,52.96,4.76,46.0,27.51
Helong,0,CN,1584070088,59,42.54,129.0,18.03,8.57
Novyy Svit,50,UA,1584070089,53,47.81,38.02,45.25,12.66
Salalah,20,OM,1584069872,73,17.02,54.09,71.6,5.82
Krasnosel'kup,100,RU,1584069904,98,65.7,82.47,32.25,22.17
Bilibino,97,RU,1584069886,86,68.05,166.44,5.47,1.81
Pochutla,0,MX,1584069888,78,15.74,-96.47,81.0,10.31
Oistins,40,BB,1584069878,73,13.07,-59.53,77.0,18.34
Linjiang,0,CN,1584070102,57,41.81,126.91,18.79,6.17
